relative_path,category,id,size,priority,name,status
icons/navigation/action_queue.png,icons,action_queue,32x32,P0,Action Queue,delivered
icons/navigation/combat_simulator.png,icons,combat_simulator,32x32,P0,Simulator,delivered
icons/navigation/prayers.png,icons,prayers,32x32,P0,Prayers,delivered
icons/navigation/raids.png,icons,raids,32x32,P0,Raid,delivered
icons/navigation/settings.png,icons,settings,32x32,P0,Settings,delivered
icons/items/normal_log.png,icons,normal_log,32x32,P0,Emberpine Log,delivered
icons/items/oak_log.png,icons,oak_log,32x32,P0,Ironbark Log,delivered
icons/items/willow_log.png,icons,willow_log,32x32,P0,Silverleaf Log,delivered
icons/items/teak_log.png,icons,teak_log,32x32,P0,Reedwood Log,delivered
icons/items/maple_log.png,icons,maple_log,32x32,P0,Amberwood Log,delivered
icons/items/mahogany_log.png,icons,mahogany_log,32x32,P0,Blackgrain Log,delivered
icons/items/yew_log.png,icons,yew_log,32x32,P0,Gravewood Log,delivered
icons/items/magic_log.png,icons,magic_log,32x32,P0,Witchpine Log,delivered
icons/items/redwood_log.png,icons,redwood_log,32x32,P0,Bloodwood Log,delivered
icons/items/cinderbark_log.png,icons,cinderbark_log,32x32,P0,Cinderbark Log,delivered
icons/items/voidwood_log.png,icons,voidwood_log,32x32,P0,Voidwood Log,delivered
icons/items/bird_nest.png,icons,bird_nest,32x32,P0,Bird Nest,delivered
icons/items/raw_shrimp.png,icons,raw_shrimp,32x32,P0,Raw Marsh Shrimp,delivered
icons/items/raw_sardine.png,icons,raw_sardine,32x32,P0,Raw Silverfin,delivered
icons/items/raw_herring.png,icons,raw_herring,32x32,P0,Raw Reedfish,delivered
icons/items/raw_trout.png,icons,raw_trout,32x32,P0,Raw Speckled Trout,delivered
icons/items/raw_salmon.png,icons,raw_salmon,32x32,P0,Raw Ember Salmon,delivered
icons/items/raw_lobster.png,icons,raw_lobster,32x32,P0,Raw Fen Lobster,delivered
icons/items/raw_swordfish.png,icons,raw_swordfish,32x32,P0,Raw Bladefin,delivered
icons/items/raw_crab.png,icons,raw_crab,32x32,P0,Raw Mudcrab,delivered
icons/items/raw_shark.png,icons,raw_shark,32x32,P0,Raw Gale Shark,delivered
icons/items/raw_cave_fish.png,icons,raw_cave_fish,32x32,P0,Raw Cavern Char,delivered
icons/items/raw_manta_ray.png,icons,raw_manta_ray,32x32,P0,Raw Void Ray,delivered
icons/items/raw_whale.png,icons,raw_whale,32x32,P0,Raw Leviathan,delivered
icons/items/raw_dreadfin.png,icons,raw_dreadfin,32x32,P0,Raw Dreadfin,delivered
icons/items/raw_abyssal_eel.png,icons,raw_abyssal_eel,32x32,P0,Raw Abyssal Eel,delivered
icons/items/shrimp.png,icons,shrimp,32x32,P0,Marsh Shrimp,delivered
icons/items/sardine.png,icons,sardine,32x32,P0,Silverfin,delivered
icons/items/herring.png,icons,herring,32x32,P0,Reedfish,delivered
icons/items/trout.png,icons,trout,32x32,P0,Speckled Trout,delivered
icons/items/salmon.png,icons,salmon,32x32,P0,Ember Salmon,delivered
icons/items/lobster.png,icons,lobster,32x32,P0,Fen Lobster,delivered
icons/items/swordfish.png,icons,swordfish,32x32,P0,Bladefin,delivered
icons/items/shark.png,icons,shark,32x32,P0,Gale Shark,delivered
icons/items/manta_ray.png,icons,manta_ray,32x32,P0,Glidefin Manta,delivered
icons/items/whale.png,icons,whale,32x32,P0,Leviathan Steak,delivered
icons/items/dreadfin.png,icons,dreadfin,32x32,P0,Dreadfin Fillet,delivered
icons/items/abyssal_eel.png,icons,abyssal_eel,32x32,P0,Abyssal Eel Roll,delivered
icons/items/copper_ore.png,icons,copper_ore,32x32,P0,Copper Ore,delivered
icons/items/tin_ore.png,icons,tin_ore,32x32,P0,Tin Ore,delivered
icons/items/iron_ore.png,icons,iron_ore,32x32,P0,Iron Ore,delivered
icons/items/coal.png,icons,coal,32x32,P0,Coal Ore,delivered
icons/items/rune_essence.png,icons,rune_essence,32x32,P0,Raw Glyph Essence,delivered
icons/items/bronze_bar.png,icons,bronze_bar,32x32,P0,Bronze Bar,delivered
icons/items/iron_bar.png,icons,iron_bar,32x32,P0,Iron Bar,delivered
icons/items/steel_bar.png,icons,steel_bar,32x32,P0,Steel Bar,delivered
icons/items/silver_bar.png,icons,silver_bar,32x32,P0,Silver Bar,delivered
icons/items/gold_bar.png,icons,gold_bar,32x32,P0,Gold Bar,delivered
icons/items/air_rune.png,icons,air_rune,32x32,P0,Gale Rune,delivered
icons/items/fire_rune.png,icons,fire_rune,32x32,P0,Ember Rune,delivered
icons/items/feather.png,icons,feather,32x32,P0,Feather,delivered
icons/items/arrow_shaft.png,icons,arrow_shaft,32x32,P0,Arrow Shaft,delivered
icons/items/bronze_arrowtips.png,icons,bronze_arrowtips,32x32,P0,Bronze Arrowtips,delivered
icons/items/bronze_arrow.png,icons,bronze_arrow,32x32,P0,Bronze Arrow,delivered
icons/items/leather.png,icons,leather,32x32,P0,Leather,delivered
icons/items/compost.png,icons,compost,32x32,P0,Compost,delivered
icons/items/ash.png,icons,ash,32x32,P0,Ash,delivered
icons/items/bones.png,icons,bones,32x32,P0,Bones,delivered
icons/items/big_bones.png,icons,big_bones,32x32,P0,Heavy Bones,delivered
icons/items/dragon_bones.png,icons,dragon_bones,32x32,P0,Wyrm Bones,delivered
icons/items/garum_herb.png,icons,garum_herb,32x32,P0,Emberleaf,delivered
icons/items/potion_dr_1.png,icons,potion_dr_1,32x32,P0,Warded Hide I,delivered
icons/items/ent_mark.png,icons,ent_mark,32x32,P0,Oldroot Mark,delivered
icons/items/summoning_shard_green.png,icons,summoning_shard_green,32x32,P0,Verdant Binding Shard,delivered
icons/items/ent_tablet.png,icons,ent_tablet,32x32,P0,Oldroot Tablet,delivered
icons/items/stardust.png,icons,stardust,32x32,P0,Stardust,delivered
icons/items/artefact_shard.png,icons,artefact_shard,32x32,P0,Artefact Shard,delivered
icons/items/harvested_essence.png,icons,harvested_essence,32x32,P0,Harvested Essence,delivered
icons/items/bronze_sword.png,icons,bronze_sword,32x32,P0,Verdigris Sword,delivered
icons/items/bronze_scimitar.png,icons,bronze_scimitar,32x32,P0,Verdigris Scimitar,delivered
icons/items/iron_scimitar.png,icons,iron_scimitar,32x32,P0,Wrought Scimitar,delivered
icons/items/ancient_sword.png,icons,ancient_sword,32x32,P0,Sundering Blade,delivered
icons/items/bronze_helmet.png,icons,bronze_helmet,32x32,P0,Verdigris Helmet,delivered
icons/items/bronze_platebody.png,icons,bronze_platebody,32x32,P0,Verdigris Platebody,delivered
icons/items/bronze_platebody_s.png,icons,bronze_platebody_s,32x32,P0,Verdigris Platebody (S),delivered
icons/items/bronze_platebody_g.png,icons,bronze_platebody_g,32x32,P0,Verdigris Platebody (G),delivered
icons/items/bronze_shield.png,icons,bronze_shield,32x32,P0,Verdigris Shield,delivered
icons/items/leather_body.png,icons,leather_body,32x32,P0,Leather Body,delivered
icons/items/gold_ring.png,icons,gold_ring,32x32,P0,Gold Ring,delivered
icons/items/ring_of_power.png,icons,ring_of_power,32x32,P0,Signet of Force,delivered
icons/items/firemaking_cape.png,icons,firemaking_cape,32x32,P0,Kilncraft Skillcape,delivered
icons/items/silver_ore.png,icons,silver_ore,32x32,P0,Silver Ore,delivered
icons/items/gold_ore.png,icons,gold_ore,32x32,P0,Gold Ore,delivered
icons/items/mithril_ore.png,icons,mithril_ore,32x32,P0,Ghoststeel Ore,delivered
icons/items/adamantite_ore.png,icons,adamantite_ore,32x32,P0,Skyiron Ore,delivered
icons/items/runite_ore.png,icons,runite_ore,32x32,P0,Starforge Ore,delivered
icons/items/dragonite_ore.png,icons,dragonite_ore,32x32,P0,Wyrmsteel Ore,delivered
icons/items/umbral_ore.png,icons,umbral_ore,32x32,P0,Umbral Ore,delivered
icons/items/herald_ore.png,icons,herald_ore,32x32,P0,Herald Ore,delivered
icons/items/mithril_bar.png,icons,mithril_bar,32x32,P0,Ghoststeel Bar,delivered
icons/items/adamantite_bar.png,icons,adamantite_bar,32x32,P0,Skyiron Bar,delivered
icons/items/runite_bar.png,icons,runite_bar,32x32,P0,Starforge Bar,delivered
icons/items/dragonite_bar.png,icons,dragonite_bar,32x32,P0,Wyrmsteel Bar,delivered
icons/items/umbral_bar.png,icons,umbral_bar,32x32,P0,Umbral Bar,delivered
icons/items/herald_bar.png,icons,herald_bar,32x32,P0,Herald Bar,delivered
icons/items/herald_platebody.png,icons,herald_platebody,32x32,P0,Herald Platebody,delivered
icons/items/herald_godsword.png,icons,herald_godsword,32x32,P0,Herald Godsword,delivered
icons/items/pure_essence.png,icons,pure_essence,32x32,P0,Refined Glyph Essence,delivered
icons/items/bronze_platelegs.png,icons,bronze_platelegs,32x32,P0,Verdigris Platelegs,delivered
icons/items/bronze_boots.png,icons,bronze_boots,32x32,P0,Verdigris Boots,delivered
icons/items/bronze_gloves.png,icons,bronze_gloves,32x32,P0,Verdigris Gloves,delivered
icons/items/bronze_dagger.png,icons,bronze_dagger,32x32,P0,Verdigris Dagger,delivered
icons/items/bronze_battleaxe.png,icons,bronze_battleaxe,32x32,P0,Verdigris Battleaxe,delivered
icons/items/bronze_2h_sword.png,icons,bronze_2h_sword,32x32,P0,Verdigris 2H Sword,delivered
icons/items/iron_helmet.png,icons,iron_helmet,32x32,P0,Wrought Helmet,delivered
icons/items/iron_platebody.png,icons,iron_platebody,32x32,P0,Wrought Platebody,delivered
icons/items/iron_platelegs.png,icons,iron_platelegs,32x32,P0,Wrought Platelegs,delivered
icons/items/iron_boots.png,icons,iron_boots,32x32,P0,Wrought Boots,delivered
icons/items/iron_gloves.png,icons,iron_gloves,32x32,P0,Wrought Gloves,delivered
icons/items/iron_shield.png,icons,iron_shield,32x32,P0,Wrought Shield,delivered
icons/items/iron_sword.png,icons,iron_sword,32x32,P0,Wrought Sword,delivered
icons/items/iron_dagger.png,icons,iron_dagger,32x32,P0,Wrought Dagger,delivered
icons/items/iron_battleaxe.png,icons,iron_battleaxe,32x32,P0,Wrought Battleaxe,delivered
icons/items/iron_2h_sword.png,icons,iron_2h_sword,32x32,P0,Wrought 2H Sword,delivered
icons/items/steel_helmet.png,icons,steel_helmet,32x32,P0,Crucible Helmet,delivered
icons/items/steel_platebody.png,icons,steel_platebody,32x32,P0,Crucible Platebody,delivered
icons/items/steel_platelegs.png,icons,steel_platelegs,32x32,P0,Crucible Platelegs,delivered
icons/items/steel_boots.png,icons,steel_boots,32x32,P0,Crucible Boots,delivered
icons/items/steel_gloves.png,icons,steel_gloves,32x32,P0,Crucible Gloves,delivered
icons/items/steel_shield.png,icons,steel_shield,32x32,P0,Crucible Shield,delivered
icons/items/steel_sword.png,icons,steel_sword,32x32,P0,Crucible Sword,delivered
icons/items/steel_scimitar.png,icons,steel_scimitar,32x32,P0,Crucible Scimitar,delivered
icons/items/steel_dagger.png,icons,steel_dagger,32x32,P0,Crucible Dagger,delivered
icons/items/steel_battleaxe.png,icons,steel_battleaxe,32x32,P0,Crucible Battleaxe,delivered
icons/items/steel_2h_sword.png,icons,steel_2h_sword,32x32,P0,Crucible 2H Sword,delivered
icons/items/mithril_helmet.png,icons,mithril_helmet,32x32,P0,Ghoststeel Helmet,delivered
icons/items/mithril_platebody.png,icons,mithril_platebody,32x32,P0,Ghoststeel Platebody,delivered
icons/items/mithril_platelegs.png,icons,mithril_platelegs,32x32,P0,Ghoststeel Platelegs,delivered
icons/items/mithril_boots.png,icons,mithril_boots,32x32,P0,Ghoststeel Boots,delivered
icons/items/mithril_gloves.png,icons,mithril_gloves,32x32,P0,Ghoststeel Gloves,delivered
icons/items/mithril_shield.png,icons,mithril_shield,32x32,P0,Ghoststeel Shield,delivered
icons/items/mithril_sword.png,icons,mithril_sword,32x32,P0,Ghoststeel Sword,delivered
icons/items/mithril_scimitar.png,icons,mithril_scimitar,32x32,P0,Ghoststeel Scimitar,delivered
icons/items/mithril_dagger.png,icons,mithril_dagger,32x32,P0,Ghoststeel Dagger,delivered
icons/items/mithril_battleaxe.png,icons,mithril_battleaxe,32x32,P0,Ghoststeel Battleaxe,delivered
icons/items/mithril_2h_sword.png,icons,mithril_2h_sword,32x32,P0,Ghoststeel 2H Sword,delivered
icons/items/bowstring.png,icons,bowstring,32x32,P0,Bowstring,delivered
icons/items/iron_arrowtips.png,icons,iron_arrowtips,32x32,P0,Iron Arrowtips,delivered
icons/items/steel_arrowtips.png,icons,steel_arrowtips,32x32,P0,Steel Arrowtips,delivered
icons/items/iron_arrow.png,icons,iron_arrow,32x32,P0,Iron Arrow,delivered
icons/items/steel_arrow.png,icons,steel_arrow,32x32,P0,Steel Arrow,delivered
icons/items/normal_shortbow.png,icons,normal_shortbow,32x32,P0,Emberpine Shortbow,delivered
icons/items/normal_longbow.png,icons,normal_longbow,32x32,P0,Emberpine Longbow,delivered
icons/items/oak_shortbow.png,icons,oak_shortbow,32x32,P0,Ironbark Shortbow,delivered
icons/items/oak_longbow.png,icons,oak_longbow,32x32,P0,Ironbark Longbow,delivered
icons/items/willow_shortbow.png,icons,willow_shortbow,32x32,P0,Silverleaf Shortbow,delivered
icons/items/willow_longbow.png,icons,willow_longbow,32x32,P0,Silverleaf Longbow,delivered
icons/items/yew_shortbow.png,icons,yew_shortbow,32x32,P0,Gravewood Shortbow,delivered
icons/items/yew_longbow.png,icons,yew_longbow,32x32,P0,Gravewood Longbow,delivered
icons/items/magic_shortbow.png,icons,magic_shortbow,32x32,P0,Witchpine Shortbow,delivered
icons/items/magic_longbow.png,icons,magic_longbow,32x32,P0,Witchpine Longbow,delivered
icons/items/redwood_shortbow.png,icons,redwood_shortbow,32x32,P0,Bloodwood Shortbow,delivered
icons/items/redwood_longbow.png,icons,redwood_longbow,32x32,P0,Bloodwood Longbow,delivered
icons/items/cinderbark_shortbow.png,icons,cinderbark_shortbow,32x32,P0,Cinderbark Shortbow,delivered
icons/items/cinderbark_longbow.png,icons,cinderbark_longbow,32x32,P0,Cinderbark Longbow,delivered
icons/items/voidwood_shortbow.png,icons,voidwood_shortbow,32x32,P0,Voidwood Shortbow,delivered
icons/items/voidwood_longbow.png,icons,voidwood_longbow,32x32,P0,Voidwood Longbow,delivered
icons/items/topaz.png,icons,topaz,32x32,P0,Topaz,delivered
icons/items/sapphire.png,icons,sapphire,32x32,P0,Sapphire,delivered
icons/items/emerald.png,icons,emerald,32x32,P0,Emerald,delivered
icons/items/ruby.png,icons,ruby,32x32,P0,Ruby,delivered
icons/items/diamond.png,icons,diamond,32x32,P0,Diamond,delivered
icons/items/leather_chaps.png,icons,leather_chaps,32x32,P0,Leather Chaps,delivered
icons/items/leather_vambraces.png,icons,leather_vambraces,32x32,P0,Leather Vambraces,delivered
icons/items/leather_coif.png,icons,leather_coif,32x32,P0,Leather Coif,delivered
icons/items/gold_amulet.png,icons,gold_amulet,32x32,P0,Gold Amulet,delivered
icons/items/gold_necklace.png,icons,gold_necklace,32x32,P0,Gold Necklace,delivered
icons/items/sapphire_ring.png,icons,sapphire_ring,32x32,P0,Sapphire Ring,delivered
icons/items/emerald_ring.png,icons,emerald_ring,32x32,P0,Emerald Ring,delivered
icons/items/ruby_ring.png,icons,ruby_ring,32x32,P0,Ruby Ring,delivered
icons/items/diamond_ring.png,icons,diamond_ring,32x32,P0,Diamond Ring,delivered
icons/items/green_dragonhide.png,icons,green_dragonhide,32x32,P0,Verdant Wyrmhide,delivered
icons/items/green_dhide_body.png,icons,green_dhide_body,32x32,P0,Verdant Wyrmhide Body,delivered
icons/items/green_dhide_chaps.png,icons,green_dhide_chaps,32x32,P0,Verdant Wyrmhide Chaps,delivered
icons/items/green_dhide_vambraces.png,icons,green_dhide_vambraces,32x32,P0,Verdant Wyrmhide Vambraces,delivered
icons/items/green_dhide_coif.png,icons,green_dhide_coif,32x32,P0,Verdant Wyrmhide Coif,delivered
icons/items/blue_dragonhide.png,icons,blue_dragonhide,32x32,P0,Azure Wyrmhide,delivered
icons/items/blue_dhide_body.png,icons,blue_dhide_body,32x32,P0,Azure Wyrmhide Body,delivered
icons/items/blue_dhide_chaps.png,icons,blue_dhide_chaps,32x32,P0,Azure Wyrmhide Chaps,delivered
icons/items/blue_dhide_vambraces.png,icons,blue_dhide_vambraces,32x32,P0,Azure Wyrmhide Vambraces,delivered
icons/items/blue_dhide_coif.png,icons,blue_dhide_coif,32x32,P0,Azure Wyrmhide Coif,delivered
icons/items/red_dragonhide.png,icons,red_dragonhide,32x32,P0,Crimson Wyrmhide,delivered
icons/items/red_dhide_body.png,icons,red_dhide_body,32x32,P0,Crimson Wyrmhide Body,delivered
icons/items/red_dhide_chaps.png,icons,red_dhide_chaps,32x32,P0,Crimson Wyrmhide Chaps,delivered
icons/items/red_dhide_vambraces.png,icons,red_dhide_vambraces,32x32,P0,Crimson Wyrmhide Vambraces,delivered
icons/items/red_dhide_coif.png,icons,red_dhide_coif,32x32,P0,Crimson Wyrmhide Coif,delivered
icons/items/black_dragonhide.png,icons,black_dragonhide,32x32,P0,Umbral Wyrmhide,delivered
icons/items/black_dhide_body.png,icons,black_dhide_body,32x32,P0,Blighted Wyrmhide Body,delivered
icons/items/black_dhide_chaps.png,icons,black_dhide_chaps,32x32,P0,Blighted Wyrmhide Chaps,delivered
icons/items/black_dhide_vambraces.png,icons,black_dhide_vambraces,32x32,P0,Blighted Wyrmhide Vambraces,delivered
icons/items/black_dhide_coif.png,icons,black_dhide_coif,32x32,P0,Blighted Wyrmhide Coif,delivered
icons/items/water_rune.png,icons,water_rune,32x32,P0,Tide Rune,delivered
icons/items/earth_rune.png,icons,earth_rune,32x32,P0,Stone Rune,delivered
icons/items/mind_rune.png,icons,mind_rune,32x32,P0,Waking Rune,delivered
icons/items/chaos_rune.png,icons,chaos_rune,32x32,P0,Discord Rune,delivered
icons/items/death_rune.png,icons,death_rune,32x32,P0,Mourning Rune,delivered
icons/items/blood_rune.png,icons,blood_rune,32x32,P0,Vital Rune,delivered
icons/items/soul_rune.png,icons,soul_rune,32x32,P0,Soul Rune,delivered
icons/items/umbral_rune.png,icons,umbral_rune,32x32,P0,Umbral Rune,delivered
icons/items/nature_rune.png,icons,nature_rune,32x32,P0,Verdant Rune,delivered
icons/items/law_rune.png,icons,law_rune,32x32,P0,Bond Rune,delivered
icons/items/cosmic_rune.png,icons,cosmic_rune,32x32,P0,Astral Rune,delivered
icons/items/air_staff.png,icons,air_staff,32x32,P0,Gale Staff,delivered
icons/items/water_staff.png,icons,water_staff,32x32,P0,Tide Staff,delivered
icons/items/earth_staff.png,icons,earth_staff,32x32,P0,Stone Staff,delivered
icons/items/fire_staff.png,icons,fire_staff,32x32,P0,Ember Staff,delivered
icons/items/garum_herb_seed.png,icons,garum_herb_seed,32x32,P0,Emberleaf Seed,delivered
icons/items/sourweed.png,icons,sourweed,32x32,P0,Sourthistle,delivered
icons/items/sourweed_seed.png,icons,sourweed_seed,32x32,P0,Sourthistle Seed,delivered
icons/items/mantalyme.png,icons,mantalyme,32x32,P0,Mirebloom,delivered
icons/items/mantalyme_seed.png,icons,mantalyme_seed,32x32,P0,Mirebloom Seed,delivered
icons/items/lemontyle.png,icons,lemontyle,32x32,P0,Goldpetal,delivered
icons/items/lemontyle_seed.png,icons,lemontyle_seed,32x32,P0,Goldpetal Seed,delivered
icons/items/oxilyme.png,icons,oxilyme,32x32,P0,Fenblossom,delivered
icons/items/oxilyme_seed.png,icons,oxilyme_seed,32x32,P0,Fenblossom Seed,delivered
icons/items/poraxx.png,icons,poraxx,32x32,P0,Ashcap Herb,delivered
icons/items/poraxx_seed.png,icons,poraxx_seed,32x32,P0,Ashcap Seed,delivered
icons/items/barrentoe.png,icons,barrentoe,32x32,P0,Gravemoss Herb,delivered
icons/items/barrentoe_seed.png,icons,barrentoe_seed,32x32,P0,Gravemoss Seed,delivered
icons/items/potion_dr_2.png,icons,potion_dr_2,32x32,P0,Warded Hide II,delivered
icons/items/potion_dr_3.png,icons,potion_dr_3,32x32,P0,Warded Hide III,delivered
icons/items/potion_dr_4.png,icons,potion_dr_4,32x32,P0,Warded Hide IV,delivered
icons/items/potion_mining_1.png,icons,potion_mining_1,32x32,P0,True Strike I,delivered
icons/items/potion_mining_2.png,icons,potion_mining_2,32x32,P0,True Strike II,delivered
icons/items/potion_mining_3.png,icons,potion_mining_3,32x32,P0,True Strike III,delivered
icons/items/potion_mining_4.png,icons,potion_mining_4,32x32,P0,True Strike IV,delivered
icons/items/potion_skilling_1.png,icons,potion_skilling_1,32x32,P0,Insight I,delivered
icons/items/potion_skilling_2.png,icons,potion_skilling_2,32x32,P0,Insight II,delivered
icons/items/potion_skilling_3.png,icons,potion_skilling_3,32x32,P0,Insight III,delivered
icons/items/potion_skilling_4.png,icons,potion_skilling_4,32x32,P0,Insight IV,delivered
icons/items/potion_firemaking_1.png,icons,potion_firemaking_1,32x32,P0,Banked Coals I,delivered
icons/items/potion_firemaking_2.png,icons,potion_firemaking_2,32x32,P0,Banked Coals II,delivered
icons/items/potion_firemaking_3.png,icons,potion_firemaking_3,32x32,P0,Banked Coals III,delivered
icons/items/potion_firemaking_4.png,icons,potion_firemaking_4,32x32,P0,Banked Coals IV,delivered
icons/items/potion_dr_5.png,icons,potion_dr_5,32x32,P0,Stoneskin Draught V,delivered
icons/items/potion_dr_6.png,icons,potion_dr_6,32x32,P0,Stoneskin Draught VI,delivered
icons/items/potion_mining_5.png,icons,potion_mining_5,32x32,P0,Delver's Draught V,delivered
icons/items/potion_skilling_5.png,icons,potion_skilling_5,32x32,P0,Polymath Tonic V,delivered
icons/items/potion_firemaking_5.png,icons,potion_firemaking_5,32x32,P0,Banked Coals V,delivered
icons/items/chapeau_noir.png,icons,chapeau_noir,32x32,P0,Duskbrim,delivered
icons/items/knights_defender.png,icons,knights_defender,32x32,P0,Sentinel's Defender,delivered
icons/items/mole_mark.png,icons,mole_mark,32x32,P0,Ashmole Mark,delivered
icons/items/mole_tablet.png,icons,mole_tablet,32x32,P0,Ashmole Tablet,delivered
icons/items/octopus_mark.png,icons,octopus_mark,32x32,P0,Tidegrasp Mark,delivered
icons/items/octopus_tablet.png,icons,octopus_tablet,32x32,P0,Tidegrasp Tablet,delivered
icons/items/pig_mark.png,icons,pig_mark,32x32,P0,Sootsow Mark,delivered
icons/items/pig_tablet.png,icons,pig_tablet,32x32,P0,Sootsow Tablet,delivered
icons/items/crow_mark.png,icons,crow_mark,32x32,P0,Cindercrow Mark,delivered
icons/items/crow_tablet.png,icons,crow_tablet,32x32,P0,Cindercrow Tablet,delivered
icons/items/leprechaun_mark.png,icons,leprechaun_mark,32x32,P0,Glimmerkin Mark,delivered
icons/items/leprechaun_tablet.png,icons,leprechaun_tablet,32x32,P0,Glimmerkin Tablet,delivered
icons/items/monkey_mark.png,icons,monkey_mark,32x32,P0,Riftmonkey Mark,delivered
icons/items/monkey_tablet.png,icons,monkey_tablet,32x32,P0,Riftmonkey Tablet,delivered
icons/items/salamander_mark.png,icons,salamander_mark,32x32,P0,Cinderling Mark,delivered
icons/items/salamander_tablet.png,icons,salamander_tablet,32x32,P0,Cinderling Tablet,delivered
icons/items/bear_mark.png,icons,bear_mark,32x32,P0,Ashbear Mark,delivered
icons/items/bear_tablet.png,icons,bear_tablet,32x32,P0,Ashbear Tablet,delivered
icons/items/devil_mark.png,icons,devil_mark,32x32,P0,Ashfiend Mark,delivered
icons/items/devil_tablet.png,icons,devil_tablet,32x32,P0,Ashfiend Tablet,delivered
icons/items/eagle_mark.png,icons,eagle_mark,32x32,P0,Galecrest Mark,delivered
icons/items/eagle_tablet.png,icons,eagle_tablet,32x32,P0,Galecrest Tablet,delivered
icons/items/owl_mark.png,icons,owl_mark,32x32,P0,Duskwing Mark,delivered
icons/items/owl_tablet.png,icons,owl_tablet,32x32,P0,Duskwing Tablet,delivered
icons/items/beaver_mark.png,icons,beaver_mark,32x32,P0,Muddam Mark,delivered
icons/items/beaver_tablet.png,icons,beaver_tablet,32x32,P0,Muddam Tablet,delivered
icons/items/fox_mark.png,icons,fox_mark,32x32,P0,Ashfox Mark,delivered
icons/items/fox_tablet.png,icons,fox_tablet,32x32,P0,Ashfox Tablet,delivered
icons/items/golbin_thief_mark.png,icons,golbin_thief_mark,32x32,P0,Cinderkin Mark,delivered
icons/items/golbin_thief_tablet.png,icons,golbin_thief_tablet,32x32,P0,Cinderkin Thief Tablet,delivered
icons/items/occultist_mark.png,icons,occultist_mark,32x32,P0,Ashcaller Mark,delivered
icons/items/occultist_tablet.png,icons,occultist_tablet,32x32,P0,Ashcaller Tablet,delivered
icons/items/wolf_mark.png,icons,wolf_mark,32x32,P0,Dustwolf Mark,delivered
icons/items/wolf_tablet.png,icons,wolf_tablet,32x32,P0,Dustwolf Tablet,delivered
icons/items/minotaur_mark.png,icons,minotaur_mark,32x32,P0,Sunderhorn Mark,delivered
icons/items/minotaur_tablet.png,icons,minotaur_tablet,32x32,P0,Sunderhorn Tablet,delivered
icons/items/centaur_mark.png,icons,centaur_mark,32x32,P0,Windhoof Mark,delivered
icons/items/centaur_tablet.png,icons,centaur_tablet,32x32,P0,Windhoof Tablet,delivered
icons/items/witch_mark.png,icons,witch_mark,32x32,P0,Hexweaver Mark,delivered
icons/items/witch_tablet.png,icons,witch_tablet,32x32,P0,Hexweaver Tablet,delivered
icons/items/cyclops_mark.png,icons,cyclops_mark,32x32,P0,Stonegaze Mark,delivered
icons/items/cyclops_tablet.png,icons,cyclops_tablet,32x32,P0,Stonegaze Tablet,delivered
icons/items/yak_mark.png,icons,yak_mark,32x32,P0,Rimeyak Mark,delivered
icons/items/yak_tablet.png,icons,yak_tablet,32x32,P0,Rimeyak Tablet,delivered
icons/items/unicorn_mark.png,icons,unicorn_mark,32x32,P0,Starfoil Mark,delivered
icons/items/unicorn_tablet.png,icons,unicorn_tablet,32x32,P0,Starfoil Tablet,delivered
icons/items/dragon_mark.png,icons,dragon_mark,32x32,P0,Ashwyrm Mark,delivered
icons/items/dragon_tablet.png,icons,dragon_tablet,32x32,P0,Ashwyrm Tablet,delivered
icons/items/tortoise_mark.png,icons,tortoise_mark,32x32,P0,Mossback Mark,delivered
icons/items/tortoise_tablet.png,icons,tortoise_tablet,32x32,P0,Mossback Tablet,delivered
icons/items/summoning_shard_crimson.png,icons,summoning_shard_crimson,32x32,P0,Crimson Binding Shard,delivered
icons/items/summoning_shard_blue.png,icons,summoning_shard_blue,32x32,P0,Azure Binding Shard,delivered
icons/items/summoning_shard_silver.png,icons,summoning_shard_silver,32x32,P0,Silver Binding Shard,delivered
icons/items/summoning_shard_black.png,icons,summoning_shard_black,32x32,P0,Umbral Binding Shard,delivered
icons/items/summoning_shard_gold.png,icons,summoning_shard_gold,32x32,P0,Gilded Binding Shard,delivered
icons/items/golden_stardust.png,icons,golden_stardust,32x32,P0,Golden Stardust,delivered
icons/items/food_box.png,icons,food_box,32x32,P0,Larder Crate,delivered
icons/items/bar_box.png,icons,bar_box,32x32,P0,Ingot Crate,delivered
icons/items/wood_box.png,icons,wood_box,32x32,P0,Timber Crate,delivered
icons/items/herb_box.png,icons,herb_box,32x32,P0,Apothecary Crate,delivered
icons/items/artefact_common.png,icons,artefact_common,32x32,P0,Common Artefact,delivered
icons/items/artefact_uncommon.png,icons,artefact_uncommon,32x32,P0,Uncommon Artefact,delivered
icons/items/artefact_rare.png,icons,artefact_rare,32x32,P0,Rare Artefact,delivered
icons/items/artefact_unique.png,icons,artefact_unique,32x32,P0,Unique Artefact,delivered
icons/items/prismatic_essence.png,icons,prismatic_essence,32x32,P0,Prismatic Essence,delivered
icons/items/umbral_essence.png,icons,umbral_essence,32x32,P0,Umbral Essence,delivered
icons/items/herald_essence.png,icons,herald_essence,32x32,P0,Herald Essence,delivered
icons/items/slayer_armour_basic.png,icons,slayer_armour_basic,32x32,P0,Basic Huntsman Armour,delivered
icons/items/slayer_armour_strong.png,icons,slayer_armour_strong,32x32,P0,Strong Huntsman Armour,delivered
icons/items/slayer_armour_elite.png,icons,slayer_armour_elite,32x32,P0,Elite Huntsman Armour,delivered
icons/items/slayer_armour_master.png,icons,slayer_armour_master,32x32,P0,Master Huntsman Armour,delivered
icons/items/slayer_armour_legendary.png,icons,slayer_armour_legendary,32x32,P0,Legendary Huntsman Armour,delivered
icons/items/slayer_armour_mythical.png,icons,slayer_armour_mythical,32x32,P0,Mythical Huntsman Armour,delivered
icons/items/mirror_shield.png,icons,mirror_shield,32x32,P0,Lookingglass Ward,delivered
icons/items/magical_ring.png,icons,magical_ring,32x32,P0,Hexward Ring,delivered
icons/items/blazing_lantern.png,icons,blazing_lantern,32x32,P0,Cinder Lantern,delivered
icons/items/desert_hat.png,icons,desert_hat,32x32,P0,Dustveil Hat,delivered
icons/items/climbing_boots.png,icons,climbing_boots,32x32,P0,Craghooks,delivered
icons/items/firemaking_cape_superior.png,icons,firemaking_cape_superior,32x32,P0,Superior Kilncraft Skillcape,delivered
icons/items/woodcutting_cape.png,icons,woodcutting_cape,32x32,P0,Timbercraft Skillcape,delivered
icons/items/woodcutting_cape_superior.png,icons,woodcutting_cape_superior,32x32,P0,Superior Timbercraft Skillcape,delivered
icons/items/cooking_cape.png,icons,cooking_cape,32x32,P0,Cookery Skillcape,delivered
icons/items/cooking_cape_superior.png,icons,cooking_cape_superior,32x32,P0,Superior Cookery Skillcape,delivered
icons/items/fishing_cape.png,icons,fishing_cape,32x32,P0,Angling Skillcape,delivered
icons/items/fishing_cape_superior.png,icons,fishing_cape_superior,32x32,P0,Superior Angling Skillcape,delivered
icons/items/mining_cape.png,icons,mining_cape,32x32,P0,Delving Skillcape,delivered
icons/items/mining_cape_superior.png,icons,mining_cape_superior,32x32,P0,Superior Delving Skillcape,delivered
icons/items/smithing_cape.png,icons,smithing_cape,32x32,P0,Forgecraft Skillcape,delivered
icons/items/smithing_cape_superior.png,icons,smithing_cape_superior,32x32,P0,Superior Forgecraft Skillcape,delivered
icons/items/fletching_cape.png,icons,fletching_cape,32x32,P0,Bowyering Skillcape,delivered
icons/items/fletching_cape_superior.png,icons,fletching_cape_superior,32x32,P0,Superior Bowyering Skillcape,delivered
icons/items/crafting_cape.png,icons,crafting_cape,32x32,P0,Artifice Skillcape,delivered
icons/items/crafting_cape_superior.png,icons,crafting_cape_superior,32x32,P0,Superior Artifice Skillcape,delivered
icons/items/runecrafting_cape.png,icons,runecrafting_cape,32x32,P0,Glyphcraft Skillcape,delivered
icons/items/runecrafting_cape_superior.png,icons,runecrafting_cape_superior,32x32,P0,Superior Glyphcraft Skillcape,delivered
icons/items/herblore_cape.png,icons,herblore_cape,32x32,P0,Apothecary Skillcape,delivered
icons/items/herblore_cape_superior.png,icons,herblore_cape_superior,32x32,P0,Superior Apothecary Skillcape,delivered
icons/items/thieving_cape.png,icons,thieving_cape,32x32,P0,Larceny Skillcape,delivered
icons/items/thieving_cape_superior.png,icons,thieving_cape_superior,32x32,P0,Superior Larceny Skillcape,delivered
icons/items/agility_cape.png,icons,agility_cape,32x32,P0,Wayfaring Skillcape,delivered
icons/items/agility_cape_superior.png,icons,agility_cape_superior,32x32,P0,Superior Wayfaring Skillcape,delivered
icons/items/summoning_cape.png,icons,summoning_cape,32x32,P0,Beastbinding Skillcape,delivered
icons/items/summoning_cape_superior.png,icons,summoning_cape_superior,32x32,P0,Superior Beastbinding Skillcape,delivered
icons/items/astrology_cape.png,icons,astrology_cape,32x32,P0,Starreading Skillcape,delivered
icons/items/astrology_cape_superior.png,icons,astrology_cape_superior,32x32,P0,Superior Starreading Skillcape,delivered
icons/items/prayer_cape.png,icons,prayer_cape,32x32,P0,Devotion Skillcape,delivered
icons/items/prayer_cape_superior.png,icons,prayer_cape_superior,32x32,P0,Superior Devotion Skillcape,delivered
icons/items/slayer_cape.png,icons,slayer_cape,32x32,P0,Huntsman Skillcape,delivered
icons/items/slayer_cape_superior.png,icons,slayer_cape_superior,32x32,P0,Superior Huntsman Skillcape,delivered
icons/items/attack_cape.png,icons,attack_cape,32x32,P0,Bladework Skillcape,delivered
icons/items/attack_cape_superior.png,icons,attack_cape_superior,32x32,P0,Superior Bladework Skillcape,delivered
icons/items/defence_cape.png,icons,defence_cape,32x32,P0,Warding Skillcape,delivered
icons/items/defence_cape_superior.png,icons,defence_cape_superior,32x32,P0,Superior Warding Skillcape,delivered
icons/items/hitpoints_cape.png,icons,hitpoints_cape,32x32,P0,Vitality Skillcape,delivered
icons/items/hitpoints_cape_superior.png,icons,hitpoints_cape_superior,32x32,P0,Superior Vitality Skillcape,delivered
icons/items/strength_cape.png,icons,strength_cape,32x32,P0,Might Skillcape,delivered
icons/items/strength_cape_superior.png,icons,strength_cape_superior,32x32,P0,Superior Might Skillcape,delivered
icons/items/ranged_cape.png,icons,ranged_cape,32x32,P0,Marksmanship Skillcape,delivered
icons/items/ranged_cape_superior.png,icons,ranged_cape_superior,32x32,P0,Superior Marksmanship Skillcape,delivered
icons/items/magic_cape.png,icons,magic_cape,32x32,P0,Sorcery Skillcape,delivered
icons/items/magic_cape_superior.png,icons,magic_cape_superior,32x32,P0,Superior Sorcery Skillcape,delivered
icons/items/farming_cape.png,icons,farming_cape,32x32,P0,Husbandry Skillcape,delivered
icons/items/farming_cape_superior.png,icons,farming_cape_superior,32x32,P0,Superior Husbandry Skillcape,delivered
icons/items/township_cape.png,icons,township_cape,32x32,P0,Settlement Skillcape,delivered
icons/items/township_cape_superior.png,icons,township_cape_superior,32x32,P0,Superior Settlement Skillcape,delivered
icons/items/cartography_cape.png,icons,cartography_cape,32x32,P0,Surveying Skillcape,delivered
icons/items/cartography_cape_superior.png,icons,cartography_cape_superior,32x32,P0,Superior Surveying Skillcape,delivered
icons/items/archaeology_cape.png,icons,archaeology_cape,32x32,P0,Excavation Skillcape,delivered
icons/items/archaeology_cape_superior.png,icons,archaeology_cape_superior,32x32,P0,Superior Excavation Skillcape,delivered
icons/items/harvesting_cape.png,icons,harvesting_cape,32x32,P0,Prospecting Skillcape,delivered
icons/items/harvesting_cape_superior.png,icons,harvesting_cape_superior,32x32,P0,Superior Prospecting Skillcape,delivered
icons/items/alt_magic_cape.png,icons,alt_magic_cape,32x32,P0,Runescribing Skillcape,delivered
icons/items/alt_magic_cape_superior.png,icons,alt_magic_cape_superior,32x32,P0,Superior Alt Sorcery Skillcape,delivered
icons/items/corruption_cape.png,icons,corruption_cape,32x32,P0,Blight Skillcape,delivered
icons/items/corruption_cape_superior.png,icons,corruption_cape_superior,32x32,P0,Superior Blight Skillcape,delivered
icons/items/max_skillcape.png,icons,max_skillcape,32x32,P0,Frontier Cape,delivered
icons/items/cape_of_completion.png,icons,cape_of_completion,32x32,P0,Frontier Laurel,delivered
icons/items/shard_air.png,icons,shard_air,32x32,P0,Gale Shard,delivered
icons/items/air_god_helmet.png,icons,air_god_helmet,32x32,P0,Aeris Helmet,delivered
icons/items/air_god_platebody.png,icons,air_god_platebody,32x32,P0,Aeris Platebody,delivered
icons/items/air_god_platelegs.png,icons,air_god_platelegs,32x32,P0,Aeris Platelegs,delivered
icons/items/air_god_boots.png,icons,air_god_boots,32x32,P0,Aeris Boots,delivered
icons/items/air_god_gloves.png,icons,air_god_gloves,32x32,P0,Aeris Gloves,delivered
icons/items/air_godsword.png,icons,air_godsword,32x32,P0,Aeris Godsword,delivered
icons/items/shard_water.png,icons,shard_water,32x32,P0,Tide Shard,delivered
icons/items/water_god_helmet.png,icons,water_god_helmet,32x32,P0,Glacia Helmet,delivered
icons/items/water_god_platebody.png,icons,water_god_platebody,32x32,P0,Glacia Platebody,delivered
icons/items/water_god_platelegs.png,icons,water_god_platelegs,32x32,P0,Glacia Platelegs,delivered
icons/items/water_god_boots.png,icons,water_god_boots,32x32,P0,Glacia Boots,delivered
icons/items/water_god_gloves.png,icons,water_god_gloves,32x32,P0,Glacia Gloves,delivered
icons/items/water_godsword.png,icons,water_godsword,32x32,P0,Glacia Godsword,delivered
icons/items/shard_earth.png,icons,shard_earth,32x32,P0,Stone Shard,delivered
icons/items/earth_god_helmet.png,icons,earth_god_helmet,32x32,P0,Terran Helmet,delivered
icons/items/earth_god_platebody.png,icons,earth_god_platebody,32x32,P0,Terran Platebody,delivered
icons/items/earth_god_platelegs.png,icons,earth_god_platelegs,32x32,P0,Terran Platelegs,delivered
icons/items/earth_god_boots.png,icons,earth_god_boots,32x32,P0,Terran Boots,delivered
icons/items/earth_god_gloves.png,icons,earth_god_gloves,32x32,P0,Terran Gloves,delivered
icons/items/earth_godsword.png,icons,earth_godsword,32x32,P0,Terran Godsword,delivered
icons/items/shard_fire.png,icons,shard_fire,32x32,P0,Ember Shard,delivered
icons/items/fire_god_helmet.png,icons,fire_god_helmet,32x32,P0,Ragnar Helmet,delivered
icons/items/fire_god_platebody.png,icons,fire_god_platebody,32x32,P0,Ragnar Platebody,delivered
icons/items/fire_god_platelegs.png,icons,fire_god_platelegs,32x32,P0,Ragnar Platelegs,delivered
icons/items/fire_god_boots.png,icons,fire_god_boots,32x32,P0,Ragnar Boots,delivered
icons/items/fire_god_gloves.png,icons,fire_god_gloves,32x32,P0,Ragnar Gloves,delivered
icons/items/fire_godsword.png,icons,fire_godsword,32x32,P0,Ragnar Godsword,delivered
icons/items/abyssal_essence.png,icons,abyssal_essence,32x32,P0,Umbral Essence,delivered
icons/items/abyssal_whip.png,icons,abyssal_whip,32x32,P0,Umbral Lash,delivered
icons/items/raid_alt_weapon_1.png,icons,raid_alt_weapon_1,32x32,P0,Scavenged Blade,delivered
icons/items/raid_alt_weapon_2.png,icons,raid_alt_weapon_2,32x32,P0,Scavenged Maul,delivered
icons/items/raid_alt_weapon_3.png,icons,raid_alt_weapon_3,32x32,P0,Scavenged Spear,delivered
icons/items/raid_alt_weapon_4.png,icons,raid_alt_weapon_4,32x32,P0,Scavenged Bow,delivered
icons/items/raid_alt_weapon_5.png,icons,raid_alt_weapon_5,32x32,P0,Scavenged Rod,delivered
icons/items/raid_pet_egg.png,icons,raid_pet_egg,32x32,P0,Raid Pet Egg,delivered
icons/items/resonance_trace.png,icons,resonance_trace,32x32,P0,Resonance Trace,delivered
icons/items/echo_arrangement.png,icons,echo_arrangement,32x32,P0,Played Arrangement,delivered
icons/items/echo_charge.png,icons,echo_charge,32x32,P0,Resonance Charge,delivered
icons/items/echo_inscription.png,icons,echo_inscription,32x32,P0,Echoed Inscription,delivered
icons/items/master_echo_loop.png,icons,master_echo_loop,32x32,P0,Master Loop,delivered
icons/items/route_survey.png,icons,route_survey,32x32,P0,Route Survey,delivered
icons/items/fold_anchor.png,icons,fold_anchor,32x32,P0,Fold Anchor,delivered
icons/items/wayfold_link.png,icons,wayfold_link,32x32,P0,Wayfold Link,delivered
icons/items/freight_manifest.png,icons,freight_manifest,32x32,P0,Freight Manifest,delivered
icons/items/condensed_route.png,icons,condensed_route,32x32,P0,Condensed Route,delivered
icons/items/weather_starter.png,icons,weather_starter,32x32,P0,Weather Starter,delivered
icons/items/charged_vessel.png,icons,charged_vessel,32x32,P0,Charged Vessel,delivered
icons/items/matured_culture.png,icons,matured_culture,32x32,P0,Matured Culture,delivered
icons/items/weather_charge.png,icons,weather_charge,32x32,P0,Weather Charge,delivered
icons/items/blended_weather.png,icons,blended_weather,32x32,P0,Blended Weather,delivered
icons/items/custom_proposal.png,icons,custom_proposal,32x32,P0,Custom Proposal,delivered
icons/items/custom_provisions.png,icons,custom_provisions,32x32,P0,Custom Provisions,delivered
icons/items/tradition_progress.png,icons,tradition_progress,32x32,P0,Tradition Progress,delivered
icons/items/paired_tradition.png,icons,paired_tradition,32x32,P0,Paired Tradition,delivered
icons/items/established_tradition.png,icons,established_tradition,32x32,P0,Established Tradition,delivered
icons/items/case_file.png,icons,case_file,32x32,P0,Case File,delivered
icons/items/trace_evidence.png,icons,trace_evidence,32x32,P0,Trace Evidence,delivered
icons/items/witness_timeline.png,icons,witness_timeline,32x32,P0,Witness Timeline,delivered
icons/items/restored_label.png,icons,restored_label,32x32,P0,Restored Label,delivered
icons/items/finders_fee.png,icons,finders_fee,32x32,P0,Finder's Fee,delivered
icons/items/echo_keeping_cape.png,icons,echo_keeping_cape,32x32,P0,Echo-Keeper's Cape,delivered
icons/items/wayfolding_cape.png,icons,wayfolding_cape,32x32,P0,Wayfolder's Cape,delivered
icons/items/fermentation_cape.png,icons,fermentation_cape,32x32,P0,Fermenter's Cape,delivered
icons/items/customcraft_cape.png,icons,customcraft_cape,32x32,P0,Custom-Maker's Cape,delivered
icons/items/lostfinding_cape.png,icons,lostfinding_cape,32x32,P0,Lostfinder's Cape,delivered
icons/items/grand_vintage.png,icons,grand_vintage,32x32,P0,Grand Vintage,delivered
icons/items/herald_cask.png,icons,herald_cask,32x32,P0,Herald Cask,delivered
icons/items/flawless_echo.png,icons,flawless_echo,32x32,P0,Flawless Echo,delivered
icons/items/herald_echo.png,icons,herald_echo,32x32,P0,Herald Echo,delivered
icons/items/grand_confluence.png,icons,grand_confluence,32x32,P0,Grand Confluence,delivered
icons/items/herald_gate.png,icons,herald_gate,32x32,P0,Herald Gate,delivered
icons/items/living_legend.png,icons,living_legend,32x32,P0,Living Legend,delivered
icons/items/herald_craft.png,icons,herald_craft,32x32,P0,Herald Craft,delivered
icons/items/cold_trail.png,icons,cold_trail,32x32,P0,Cold Trail,delivered
icons/items/herald_case.png,icons,herald_case,32x32,P0,Herald Case,delivered
icons/items/adamantite_sword.png,icons,adamantite_sword,32x32,P0,Skyiron Sword,delivered
icons/items/adamantite_scimitar.png,icons,adamantite_scimitar,32x32,P0,Skyiron Scimitar,delivered
icons/items/adamantite_battleaxe.png,icons,adamantite_battleaxe,32x32,P0,Skyiron Battleaxe,delivered
icons/items/adamantite_2h_sword.png,icons,adamantite_2h_sword,32x32,P0,Skyiron 2H Sword,delivered
icons/items/adamantite_helmet.png,icons,adamantite_helmet,32x32,P0,Skyiron Helm,delivered
icons/items/adamantite_platebody.png,icons,adamantite_platebody,32x32,P0,Skyiron Platebody,delivered
icons/items/adamantite_platelegs.png,icons,adamantite_platelegs,32x32,P0,Skyiron Platelegs,delivered
icons/items/adamantite_boots.png,icons,adamantite_boots,32x32,P0,Skyiron Boots,delivered
icons/items/adamantite_gloves.png,icons,adamantite_gloves,32x32,P0,Skyiron Gauntlets,delivered
icons/items/burnt_food.png,icons,burnt_food,32x32,P0,Burnt Food,delivered
icons/skills/attack.png,icons,attack,128x128,P0,Bladework,delivered
icons/skills/strength.png,icons,strength,128x128,P0,Might,delivered
icons/skills/defence.png,icons,defence,128x128,P0,Warding,delivered
icons/skills/hitpoints.png,icons,hitpoints,128x128,P0,Vitality,delivered
icons/skills/ranged.png,icons,ranged,128x128,P0,Marksmanship,delivered
icons/skills/magic.png,icons,magic,128x128,P0,Sorcery,delivered
icons/skills/prayer.png,icons,prayer,128x128,P0,Devotion,delivered
icons/skills/slayer.png,icons,slayer,128x128,P0,Huntsman,delivered
icons/skills/corruption.png,icons,corruption,128x128,P0,Blight,delivered
icons/skills/woodcutting.png,icons,woodcutting,128x128,P0,Timbercraft,delivered
icons/skills/fishing.png,icons,fishing,128x128,P0,Angling,delivered
icons/skills/mining.png,icons,mining,128x128,P0,Delving,delivered
icons/skills/farming.png,icons,farming,128x128,P0,Husbandry,delivered
icons/skills/firemaking.png,icons,firemaking,128x128,P0,Kilncraft,delivered
icons/skills/cooking.png,icons,cooking,128x128,P0,Cookery,delivered
icons/skills/smithing.png,icons,smithing,128x128,P0,Forgecraft,delivered
icons/skills/fletching.png,icons,fletching,128x128,P0,Bowyering,delivered
icons/skills/crafting.png,icons,crafting,128x128,P0,Artifice,delivered
icons/skills/runecrafting.png,icons,runecrafting,128x128,P0,Glyphcraft,delivered
icons/skills/herblore.png,icons,herblore,128x128,P0,Apothecary,delivered
icons/skills/thieving.png,icons,thieving,128x128,P0,Larceny,delivered
icons/skills/agility.png,icons,agility,128x128,P0,Wayfaring,delivered
icons/skills/summoning.png,icons,summoning,128x128,P0,Beastbinding,delivered
icons/skills/astrology.png,icons,astrology,128x128,P0,Starreading,delivered
icons/skills/alt_magic.png,icons,alt_magic,128x128,P0,Runescribing,delivered
icons/skills/township.png,icons,township,128x128,P0,Settlement,delivered
icons/skills/cartography.png,icons,cartography,128x128,P0,Surveying,delivered
icons/skills/archaeology.png,icons,archaeology,128x128,P0,Excavation,delivered
icons/skills/harvesting.png,icons,harvesting,128x128,P0,Prospecting,delivered
icons/skills/echo_keeping.png,icons,echo_keeping,128x128,P0,Echo Keeping,delivered
icons/skills/wayfolding.png,icons,wayfolding,128x128,P0,Wayfolding,delivered
icons/skills/fermentation.png,icons,fermentation,128x128,P0,Fermentation,delivered
icons/skills/customcraft.png,icons,customcraft,128x128,P0,Customcraft,delivered
icons/skills/lostfinding.png,icons,lostfinding,128x128,P0,Lostfinding,delivered
sprites/monsters/chicken.png,sprites,chicken,96x96,P0,Scrub Fowl,delivered
sprites/monsters/cow.png,sprites,cow,96x96,P0,Longhorn Steer,delivered
sprites/monsters/golbin.png,sprites,golbin,96x96,P0,Cinderkin Raider,delivered
sprites/monsters/zombie_hand.png,sprites,zombie_hand,96x96,P0,Graveclaw,delivered
sprites/monsters/skeleton.png,sprites,skeleton,96x96,P0,Barrowbones,delivered
sprites/monsters/spider.png,sprites,spider,96x96,P0,Fen Spinner,delivered
sprites/monsters/bandit.png,sprites,bandit,96x96,P0,Sable Rook,delivered
sprites/monsters/moss_giant.png,sprites,moss_giant,96x96,P0,Mossbound Colossus,delivered
sprites/monsters/guard.png,sprites,guard,96x96,P0,Sunderhold Sentry,delivered
sprites/monsters/rune_knight.png,sprites,rune_knight,96x96,P0,Glyphbound Knight,delivered
sprites/monsters/green_dragon.png,sprites,green_dragon,96x96,P0,Verdant Wyrm,delivered
sprites/monsters/golbin_chief.png,sprites,golbin_chief,96x96,P0,Cinderkin Warchief,delivered
sprites/monsters/air_elemental.png,sprites,air_elemental,96x96,P0,Gale Wisp,delivered
sprites/monsters/air_god.png,sprites,air_god,96x96,P0,"Warden of Gales, Sylphine",delivered
sprites/monsters/water_elemental.png,sprites,water_elemental,96x96,P0,Tide Wisp,delivered
sprites/monsters/water_god.png,sprites,water_god,96x96,P0,"Warden of Tides, Marrowen",delivered
sprites/monsters/earth_elemental.png,sprites,earth_elemental,96x96,P0,Stone Wisp,delivered
sprites/monsters/earth_god.png,sprites,earth_god,96x96,P0,"Warden of Stone, Delvhar",delivered
sprites/monsters/fire_elemental.png,sprites,fire_elemental,96x96,P0,Ember Wisp,delivered
sprites/monsters/fire_god.png,sprites,fire_god,96x96,P0,"Warden of Embers, Pyrra",delivered
sprites/monsters/mist_wraith.png,sprites,mist_wraith,96x96,P0,Murk Wraith,delivered
sprites/monsters/the_mist.png,sprites,the_mist,96x96,P0,The Murk Incarnate,delivered
sprites/monsters/dark_herald.png,sprites,dark_herald,96x96,P0,Herald of the Long Dusk,delivered
sprites/monsters/drowned_sailor.png,sprites,drowned_sailor,96x96,P0,Barnacled Deckhand,delivered
sprites/monsters/underwater_king.png,sprites,underwater_king,96x96,P0,Tidewrack King,delivered
sprites/monsters/abyssal_imp.png,sprites,abyssal_imp,96x96,P0,Umbral Imp,delivered
sprites/monsters/abyssal_fiend.png,sprites,abyssal_fiend,96x96,P0,Umbral Fiend,delivered
sprites/monsters/abyssal_lord.png,sprites,abyssal_lord,96x96,P0,Umbral Lord,delivered
sprites/monsters/the_herald.png,sprites,the_herald,96x96,P0,The Herald Ascendant,delivered
sprites/monsters/cinderkin_scout.png,sprites,cinderkin_scout,96x96,P0,Cinderkin Scout,delivered
sprites/monsters/barrow_wraith.png,sprites,barrow_wraith,96x96,P0,Barrow Wraith,delivered
sprites/monsters/drowned_wayfarer.png,sprites,drowned_wayfarer,96x96,P0,Drowned Wayfarer,delivered
sprites/monsters/rook_marksman.png,sprites,rook_marksman,96x96,P0,Rook Marksman,delivered
sprites/monsters/frostfang_wolf.png,sprites,frostfang_wolf,96x96,P0,Frostfang Wolf,delivered
sprites/monsters/ash_drake.png,sprites,ash_drake,96x96,P0,Ash Drake,delivered
sprites/monsters/broodweb_hunter.png,sprites,broodweb_hunter,96x96,P0,Broodweb Hunter,delivered
sprites/monsters/rift_weaver.png,sprites,rift_weaver,96x96,P0,Rift Weaver,delivered
sprites/monsters/greyharrow_husk.png,sprites,greyharrow_husk,96x96,P0,Greyharrow Husk,delivered
sprites/monsters/shale_stalker.png,sprites,shale_stalker,96x96,P0,Shale Stalker,delivered
sprites/monsters/quarry_echo.png,sprites,quarry_echo,96x96,P0,Quarry Echo,delivered
sprites/monsters/slag_golem.png,sprites,slag_golem,96x96,P0,Slag Golem,delivered
icons/currencies/gp.png,icons,gp,24x24,P0,Gold Pieces,delivered
icons/currencies/slayer_coins.png,icons,slayer_coins,24x24,P0,Slayer Coins,delivered
icons/currencies/prayer_points.png,icons,prayer_points,24x24,P0,Prayer Points,delivered
icons/currencies/stardust.png,icons,stardust,24x24,P0,Stardust,delivered
icons/currencies/golden_stardust.png,icons,golden_stardust,24x24,P0,Golden Stardust,delivered
icons/currencies/raid_coins.png,icons,raid_coins,24x24,P0,Raid Coins,delivered
icons/currencies/abyssal_coins.png,icons,abyssal_coins,24x24,P0,Abyssal Coins,delivered
icons/slots/helmet.png,icons,helmet,28x28,P1,Helmet,delivered
icons/slots/platebody.png,icons,platebody,28x28,P1,Platebody,delivered
icons/slots/platelegs.png,icons,platelegs,28x28,P1,Platelegs,delivered
icons/slots/boots.png,icons,boots,28x28,P1,Boots,delivered
icons/slots/gloves.png,icons,gloves,28x28,P1,Gloves,delivered
icons/slots/cape.png,icons,cape,28x28,P1,Cape,delivered
icons/slots/amulet.png,icons,amulet,28x28,P1,Amulet,delivered
icons/slots/ring.png,icons,ring,28x28,P1,Ring,delivered
icons/slots/weapon.png,icons,weapon,28x28,P1,Weapon,delivered
icons/slots/shield.png,icons,shield,28x28,P1,Shield,delivered
icons/slots/quiver.png,icons,quiver,28x28,P1,Quiver,delivered
icons/slots/summon_1.png,icons,summon_1,28x28,P1,Summoning (slot 1),delivered
icons/slots/summon_2.png,icons,summon_2,28x28,P1,Summoning (slot 2),delivered
icons/slots/passive.png,icons,passive,28x28,P1,Passive,delivered
icons/slots/consumable.png,icons,consumable,28x28,P1,Consumable,delivered
icons/areas/farmlands.png,icons,farmlands,64x64,P1,Hearthfall Fields,delivered
icons/areas/golbin_village.png,icons,golbin_village,64x64,P1,Cinderkin Warrens,delivered
icons/areas/graveyard.png,icons,graveyard,64x64,P1,Ashen Barrows,delivered
icons/areas/sandy_shores.png,icons,sandy_shores,64x64,P1,Sunken Strand,delivered
icons/areas/wet_forest.png,icons,wet_forest,64x64,P1,Reedwrack Marsh,delivered
icons/areas/bandit_hideout.png,icons,bandit_hideout,64x64,P1,Rook's Hollow,delivered
icons/areas/icy_hills.png,icons,icy_hills,64x64,P1,Frostbound Reach,delivered
icons/areas/greyharrow_quarry.png,icons,greyharrow_quarry,64x64,P1,Greyharrow Quarry,delivered
icons/areas/castle_of_kings.png,icons,castle_of_kings,64x64,P1,Sunderhold Keep,delivered
icons/areas/dragon_valley.png,icons,dragon_valley,64x64,P1,Ashwyrm Hollow,delivered
icons/areas/spider_slayer_area.png,icons,spider_slayer_area,64x64,P1,Broodweb Fen,delivered
icons/areas/abyssal_depths.png,icons,abyssal_depths,64x64,P1,The Umbral Deep,delivered
icons/areas/abyssal_rift.png,icons,abyssal_rift,64x64,P1,Riftmouth,delivered
icons/dungeons/chicken_coop.png,icons,chicken_coop,64x64,P1,The Plucked Roost,delivered
icons/dungeons/undead_graveyard.png,icons,undead_graveyard,64x64,P1,Barrow of Names,delivered
icons/dungeons/spider_forest.png,icons,spider_forest,64x64,P1,Broodweb Warren,delivered
icons/dungeons/air_god_dungeon.png,icons,air_god_dungeon,64x64,P1,Observatory of Gales,delivered
icons/dungeons/water_god_dungeon.png,icons,water_god_dungeon,64x64,P1,Tidal Reliquary,delivered
icons/dungeons/earth_god_dungeon.png,icons,earth_god_dungeon,64x64,P1,Deepstone Sanctum,delivered
icons/dungeons/fire_god_dungeon.png,icons,fire_god_dungeon,64x64,P1,Emberthrone Kiln,delivered
icons/dungeons/into_the_mist.png,icons,into_the_mist,64x64,P1,Into the Murk,delivered
icons/dungeons/impending_darkness.png,icons,impending_darkness,64x64,P1,The Long Dusk,delivered
icons/dungeons/underwater_city.png,icons,underwater_city,64x64,P1,"Nhalassar, the Drowned City",delivered
icons/dungeons/throne_of_the_herald.png,icons,throne_of_the_herald,64x64,P1,Seat of the Herald,delivered
icons/dungeons/cinderkin_forge.png,icons,cinderkin_forge,64x64,P1,Cinderkin Forge,delivered
icons/dungeons/drowned_causeway.png,icons,drowned_causeway,64x64,P1,Drowned Causeway,delivered
icons/dungeons/rook_viaduct.png,icons,rook_viaduct,64x64,P1,Rook's Viaduct,delivered
icons/dungeons/frostfang_den.png,icons,frostfang_den,64x64,P1,Frostfang Den,delivered
icons/dungeons/greyharrow_deep.png,icons,greyharrow_deep,64x64,P1,Greyharrow Deep,delivered
icons/prayers/thick_skin.png,icons,thick_skin,32x32,P1,Hearthide,delivered
icons/prayers/burst_of_strength.png,icons,burst_of_strength,32x32,P1,Surge of Might,delivered
icons/prayers/clarity_of_thought.png,icons,clarity_of_thought,32x32,P1,Steady Mind,delivered
icons/prayers/sharp_eye.png,icons,sharp_eye,32x32,P1,Keen Sight,delivered
icons/prayers/mystic_will.png,icons,mystic_will,32x32,P1,Arcane Will,delivered
icons/prayers/ultimate_strength.png,icons,ultimate_strength,32x32,P1,Unbound Might,delivered
icons/prayers/stone_skin.png,icons,stone_skin,32x32,P1,Quarryhide,delivered
icons/prayers/protect_from_magic.png,icons,protect_from_magic,32x32,P1,Ward Against Sorcery,delivered
icons/prayers/protect_from_ranged.png,icons,protect_from_ranged,32x32,P1,Ward Against Arrows,delivered
icons/prayers/protect_from_melee.png,icons,protect_from_melee,32x32,P1,Ward Against Steel,delivered
icons/prayers/protect_item.png,icons,protect_item,32x32,P1,Ward the Satchel,delivered
icons/prayers/battleheart.png,icons,battleheart,32x32,P1,Ironwill,delivered
icons/prayers/holy_aegis.png,icons,holy_aegis,32x32,P1,Sanctified Aegis,delivered
icons/prayers/annihilation.png,icons,annihilation,32x32,P1,Ruinfall,delivered
icons/prayers/rock_skin.png,icons,rock_skin,32x32,P1,Bedrock Ward,delivered
icons/prayers/steel_skin.png,icons,steel_skin,32x32,P1,Ironsheen,delivered
icons/prayers/eagle_eye.png,icons,eagle_eye,32x32,P1,Farwatcher,delivered
icons/prayers/mystic_lore.png,icons,mystic_lore,32x32,P1,Arcane Lore,delivered
icons/prayers/mystic_might.png,icons,mystic_might,32x32,P1,Arcane Might,delivered
icons/prayers/rigour.png,icons,rigour,32x32,P1,Steady Aim,delivered
icons/prayers/piety.png,icons,piety,32x32,P1,Devout Focus,delivered
icons/prayers/augury.png,icons,augury,32x32,P1,Portent,delivered
icons/prayers/redemption.png,icons,redemption,32x32,P1,Second Wind,delivered
icons/prayers/smite.png,icons,smite,32x32,P1,Wrathfall,delivered
icons/prayers/hunter_1.png,icons,hunter_1,32x32,P1,Hunter's Spark,delivered
icons/prayers/hunter_2.png,icons,hunter_2,32x32,P1,Bowstring Blessing,delivered
icons/prayers/hunter_3.png,icons,hunter_3,32x32,P1,Fletched Fury,delivered
icons/prayers/hunter_4.png,icons,hunter_4,32x32,P1,Hawkwind,delivered
icons/prayers/hunter_5.png,icons,hunter_5,32x32,P1,Stormflight,delivered
icons/prayers/hunter_6.png,icons,hunter_6,32x32,P1,Celestial Volley,delivered
icons/prayers/arcanist_1.png,icons,arcanist_1,32x32,P1,Ember Invocation,delivered
icons/prayers/arcanist_2.png,icons,arcanist_2,32x32,P1,Runic Surge,delivered
icons/prayers/arcanist_3.png,icons,arcanist_3,32x32,P1,Spellfire,delivered
icons/prayers/arcanist_4.png,icons,arcanist_4,32x32,P1,Astral Flame,delivered
icons/prayers/arcanist_5.png,icons,arcanist_5,32x32,P1,Starfall Rite,delivered
icons/prayers/arcanist_6.png,icons,arcanist_6,32x32,P1,Eternal Spellfire,delivered
icons/prayers/veil_1.png,icons,veil_1,32x32,P1,Sheltering Veil,delivered
icons/prayers/veil_2.png,icons,veil_2,32x32,P1,Windward Veil,delivered
icons/prayers/veil_3.png,icons,veil_3,32x32,P1,Wraithward,delivered
icons/prayers/veil_4.png,icons,veil_4,32x32,P1,Twilight Shelter,delivered
icons/prayers/veil_5.png,icons,veil_5,32x32,P1,Astral Shelter,delivered
icons/prayers/veil_6.png,icons,veil_6,32x32,P1,Veil Beyond,delivered
icons/prayers/focus_1.png,icons,focus_1,32x32,P1,Guiding Light,delivered
icons/prayers/focus_2.png,icons,focus_2,32x32,P1,Surehand Rite,delivered
icons/prayers/focus_3.png,icons,focus_3,32x32,P1,Unerring Focus,delivered
icons/prayers/focus_4.png,icons,focus_4,32x32,P1,Fatewatch,delivered
icons/prayers/focus_5.png,icons,focus_5,32x32,P1,Oracle's Sight,delivered
icons/prayers/focus_6.png,icons,focus_6,32x32,P1,Perfect Clarity,delivered
icons/prayers/aegis_1.png,icons,aegis_1,32x32,P1,Oakheart,delivered
icons/prayers/aegis_2.png,icons,aegis_2,32x32,P1,Granite Covenant,delivered
icons/prayers/aegis_3.png,icons,aegis_3,32x32,P1,Iron Covenant,delivered
icons/prayers/aegis_4.png,icons,aegis_4,32x32,P1,Citadel Ward,delivered
icons/prayers/aegis_5.png,icons,aegis_5,32x32,P1,Dawnguard,delivered
icons/prayers/aegis_6.png,icons,aegis_6,32x32,P1,Eternal Bastion,delivered
icons/prayers/zeal_1.png,icons,zeal_1,32x32,P1,Quickened Spirit,delivered
icons/prayers/zeal_2.png,icons,zeal_2,32x32,P1,Battle Rhythm,delivered
icons/prayers/zeal_3.png,icons,zeal_3,32x32,P1,Fervent Steps,delivered
icons/prayers/zeal_4.png,icons,zeal_4,32x32,P1,Relentless Zeal,delivered
icons/prayers/zeal_5.png,icons,zeal_5,32x32,P1,Radiant Tempo,delivered
icons/prayers/zeal_6.png,icons,zeal_6,32x32,P1,Timeless Fervor,delivered
icons/pets/pyro.png,icons,pyro,32x32,P1,Emberpaw,delivered
icons/pets/beavis.png,icons,beavis,32x32,P1,Barkbite,delivered
icons/pets/leonardo.png,icons,leonardo,32x32,P1,Tinshield,delivered
icons/pets/mark.png,icons,mark,32x32,P1,Bindle,delivered
icons/pets/sam.png,icons,sam,32x32,P1,Quickpaw,delivered
icons/pets/golden_golbin.png,icons,golden_golbin,32x32,P1,Golden Cinderkin,delivered
icons/pets/erran.png,icons,erran,32x32,P1,Trailfoot,delivered
icons/pets/harold.png,icons,harold,32x32,P1,Longdusk,delivered
icons/pets/saki.png,icons,saki,32x32,P1,Slink,delivered
icons/pets/rocky.png,icons,rocky,32x32,P1,Flint,delivered
icons/pets/bubbles.png,icons,bubbles,32x32,P1,Ripple,delivered
icons/pets/cook.png,icons,cook,32x32,P1,Simmer,delivered
icons/pets/tomato.png,icons,tomato,32x32,P1,Turnip,delivered
icons/pets/sprinkles.png,icons,sprinkles,32x32,P1,Fennel,delivered
icons/pets/bob.png,icons,bob,32x32,P1,Bobbin,delivered
icons/pets/smith.png,icons,smith,32x32,P1,Anvil,delivered
icons/pets/fletch.png,icons,fletch,32x32,P1,Quill,delivered
icons/pets/rune.png,icons,rune,32x32,P1,Glyph,delivered
icons/pets/astro.png,icons,astro,32x32,P1,Twinkle,delivered
icons/pets/cart.png,icons,cart,32x32,P1,Compass,delivered
icons/pets/dig.png,icons,dig,32x32,P1,Trowel,delivered
icons/pets/harvest.png,icons,harvest,32x32,P1,Bramble,delivered
icons/pets/alt.png,icons,alt,32x32,P1,Wisp,delivered
icons/pets/town.png,icons,town,32x32,P1,Hearth,delivered
icons/pets/atk.png,icons,atk,32x32,P1,Redblade,delivered
icons/pets/str.png,icons,str,32x32,P1,Boulder,delivered
icons/pets/hp.png,icons,hp,32x32,P1,Redcap,delivered
icons/pets/rng.png,icons,rng,32x32,P1,Longshot,delivered
icons/pets/mag.png,icons,mag,32x32,P1,Glimmer,delivered
icons/pets/pray.png,icons,pray,32x32,P1,Vigil,delivered
icons/pets/slay.png,icons,slay,32x32,P1,Tracker,delivered
icons/familiars/ent.png,icons,ent,32x32,P2,Oldroot,delivered
icons/familiars/mole.png,icons,mole,32x32,P2,Ashmole,delivered
icons/familiars/octopus.png,icons,octopus,32x32,P2,Tidegrasp,delivered
icons/familiars/pig.png,icons,pig,32x32,P2,Sootsow,delivered
icons/familiars/crow.png,icons,crow,32x32,P2,Cindercrow,delivered
icons/familiars/leprechaun.png,icons,leprechaun,32x32,P2,Glimmerkin,delivered
icons/familiars/monkey.png,icons,monkey,32x32,P2,Riftmonkey,delivered
icons/familiars/salamander.png,icons,salamander,32x32,P2,Cinderling,delivered
icons/familiars/bear.png,icons,bear,32x32,P2,Ashbear,delivered
icons/familiars/devil.png,icons,devil,32x32,P2,Ashfiend,delivered
icons/familiars/eagle.png,icons,eagle,32x32,P2,Galecrest,delivered
icons/familiars/owl.png,icons,owl,32x32,P2,Duskwing,delivered
icons/familiars/beaver.png,icons,beaver,32x32,P2,Muddam,delivered
icons/familiars/fox.png,icons,fox,32x32,P2,Ashfox,delivered
icons/familiars/golbin_thief.png,icons,golbin_thief,32x32,P2,Cinderkin Thief,delivered
icons/familiars/occultist.png,icons,occultist,32x32,P2,Ashcaller,delivered
icons/familiars/wolf.png,icons,wolf,32x32,P2,Dustwolf,delivered
icons/familiars/minotaur.png,icons,minotaur,32x32,P2,Sunderhorn,delivered
icons/familiars/centaur.png,icons,centaur,32x32,P2,Windhoof,delivered
icons/familiars/witch.png,icons,witch,32x32,P2,Hexweaver,delivered
icons/familiars/cyclops.png,icons,cyclops,32x32,P2,Stonegaze,delivered
icons/familiars/yak.png,icons,yak,32x32,P2,Rimeyak,delivered
icons/familiars/unicorn.png,icons,unicorn,32x32,P2,Starfoil,delivered
icons/familiars/dragon.png,icons,dragon,32x32,P2,Ashwyrm,delivered
icons/familiars/tortoise.png,icons,tortoise,32x32,P2,Mossback,delivered
icons/obstacles/obstacle_1_0.png,icons,obstacle_1_0,32x32,P2,Hedgerow Hop,delivered
icons/obstacles/obstacle_1_1.png,icons,obstacle_1_1,32x32,P2,Ditch Vault,delivered
icons/obstacles/obstacle_1_2.png,icons,obstacle_1_2,32x32,P2,Stacked Crates,delivered
icons/obstacles/obstacle_2_0.png,icons,obstacle_2_0,32x32,P2,Lean-To Scramble,delivered
icons/obstacles/obstacle_2_1.png,icons,obstacle_2_1,32x32,P2,Rope Ladder,delivered
icons/obstacles/obstacle_2_2.png,icons,obstacle_2_2,32x32,P2,Stockade Wall,delivered
icons/obstacles/obstacle_3_0.png,icons,obstacle_3_0,32x32,P2,Hayrick Leap,delivered
icons/obstacles/obstacle_3_1.png,icons,obstacle_3_1,32x32,P2,Fence Run,delivered
icons/obstacles/obstacle_3_2.png,icons,obstacle_3_2,32x32,P2,Grain Silo Climb,delivered
icons/obstacles/obstacle_4_0.png,icons,obstacle_4_0,32x32,P2,Cartwheel Beam,delivered
icons/obstacles/obstacle_4_1.png,icons,obstacle_4_1,32x32,P2,Market Awning,delivered
icons/obstacles/obstacle_4_2.png,icons,obstacle_4_2,32x32,P2,Cobblestone Dash,delivered
icons/obstacles/obstacle_5_0.png,icons,obstacle_5_0,32x32,P2,Ravine Ropebridge,delivered
icons/obstacles/obstacle_5_1.png,icons,obstacle_5_1,32x32,P2,Scree Slide,delivered
icons/obstacles/obstacle_5_2.png,icons,obstacle_5_2,32x32,P2,Fallen Arch,delivered
icons/obstacles/obstacle_6_0.png,icons,obstacle_6_0,32x32,P2,Marsh Causeway,delivered
icons/obstacles/obstacle_6_1.png,icons,obstacle_6_1,32x32,P2,Reed Stiltwalk,delivered
icons/obstacles/obstacle_6_2.png,icons,obstacle_6_2,32x32,P2,Sunken Pillar,delivered
icons/obstacles/obstacle_7_0.png,icons,obstacle_7_0,32x32,P2,Barrow Stairs,delivered
icons/obstacles/obstacle_7_1.png,icons,obstacle_7_1,32x32,P2,Ossuary Crawl,delivered
icons/obstacles/obstacle_7_2.png,icons,obstacle_7_2,32x32,P2,Cairn Hopping,delivered
icons/obstacles/obstacle_8_0.png,icons,obstacle_8_0,32x32,P2,Rookery Ascent,delivered
icons/obstacles/obstacle_8_1.png,icons,obstacle_8_1,32x32,P2,Broken Viaduct,delivered
icons/obstacles/obstacle_8_2.png,icons,obstacle_8_2,32x32,P2,Rook's Ladder,delivered
icons/obstacles/obstacle_9_0.png,icons,obstacle_9_0,32x32,P2,Frostledge Traverse,delivered
icons/obstacles/obstacle_9_1.png,icons,obstacle_9_1,32x32,P2,Icicle Ladder,delivered
icons/obstacles/obstacle_9_2.png,icons,obstacle_9_2,32x32,P2,Blackglass Climb,delivered
icons/obstacles/obstacle_10_0.png,icons,obstacle_10_0,32x32,P2,Battlement Run,delivered
icons/obstacles/obstacle_10_1.png,icons,obstacle_10_1,32x32,P2,Courtyard Vault,delivered
icons/obstacles/obstacle_10_2.png,icons,obstacle_10_2,32x32,P2,Siege Ramp,delivered
icons/obstacles/obstacle_11_0.png,icons,obstacle_11_0,32x32,P2,Caldera Ridge,delivered
icons/obstacles/obstacle_11_1.png,icons,obstacle_11_1,32x32,P2,Pumice Hops,delivered
icons/obstacles/obstacle_11_2.png,icons,obstacle_11_2,32x32,P2,Ashfall Climb,delivered
icons/obstacles/obstacle_12_0.png,icons,obstacle_12_0,32x32,P2,Fenweb Crossing,delivered
icons/obstacles/obstacle_12_1.png,icons,obstacle_12_1,32x32,P2,Spindlewalk,delivered
icons/obstacles/obstacle_12_2.png,icons,obstacle_12_2,32x32,P2,Nesting Ropes,delivered
icons/obstacles/obstacle_13_0.png,icons,obstacle_13_0,32x32,P2,Deep Shaft Rappel,delivered
icons/obstacles/obstacle_13_1.png,icons,obstacle_13_1,32x32,P2,Fossil Gallery,delivered
icons/obstacles/obstacle_13_2.png,icons,obstacle_13_2,32x32,P2,Trench Run,delivered
icons/obstacles/obstacle_14_0.png,icons,obstacle_14_0,32x32,P2,Rift Bridges,delivered
icons/obstacles/obstacle_14_1.png,icons,obstacle_14_1,32x32,P2,Breath Ledge,delivered
icons/obstacles/obstacle_14_2.png,icons,obstacle_14_2,32x32,P2,Woundstep,delivered
icons/obstacles/obstacle_15_0.png,icons,obstacle_15_0,32x32,P2,Stormspire Ascent,delivered
icons/obstacles/obstacle_15_1.png,icons,obstacle_15_1,32x32,P2,Thunderline Run,delivered
icons/obstacles/obstacle_15_2.png,icons,obstacle_15_2,32x32,P2,Skybound Rigging,delivered
icons/obstacles/pillar_of_combat.png,icons,pillar_of_combat,32x32,P2,Pillar of the Vanguard,delivered
icons/obstacles/pillar_of_skilling.png,icons,pillar_of_skilling,32x32,P2,Pillar of the Craft,delivered
icons/obstacles/pillar_of_generosity.png,icons,pillar_of_generosity,32x32,P2,Pillar of the Open Hand,delivered
icons/obstacles/elite_pillar_of_conflict.png,icons,elite_pillar_of_conflict,32x32,P2,Elite Pillar of the Skirmish,delivered
icons/obstacles/elite_pillar_of_endowment.png,icons,elite_pillar_of_endowment,32x32,P2,Elite Pillar of the Gift,delivered
icons/obstacles/elite_pillar_of_expertise.png,icons,elite_pillar_of_expertise,32x32,P2,Elite Pillar of Mastery,delivered
icons/constellations/deedree.png,icons,deedree,48x48,P2,Vespera,delivered
icons/constellations/iridan.png,icons,iridan,48x48,P2,Irielle,delivered
icons/constellations/ameria.png,icons,ameria,48x48,P2,Aurelia,delivered
icons/constellations/terra.png,icons,terra,48x48,P2,Loamara,delivered
icons/constellations/vale.png,icons,vale,48x48,P2,Vaelith,delivered
icons/constellations/syllia.png,icons,syllia,48x48,P2,Serith,delivered
icons/constellations/arachi.png,icons,arachi,48x48,P2,Keshari,delivered
icons/constellations/ko.png,icons,ko,48x48,P2,Orrin,delivered
icons/constellations/tellus.png,icons,tellus,48x48,P2,Petrava,delivered
icons/constellations/qimican.png,icons,qimican,48x48,P2,Qimara,delivered
icons/constellations/roshaniya.png,icons,roshaniya,48x48,P2,Rosaniya,delivered
icons/constellations/ashtar.png,icons,ashtar,48x48,P2,Emberine,delivered
icons/constellations/variel.png,icons,variel,48x48,P2,Varrel,delivered
icons/constellations/nysa.png,icons,nysa,48x48,P2,Nyssara,delivered
icons/constellations/haemir.png,icons,haemir,48x48,P2,Haemros,delivered
icons/constellations/orison.png,icons,orison,48x48,P2,Orison,delivered
icons/constellations/vex.png,icons,vex,48x48,P2,Vex,delivered
icons/constellations/halcyon.png,icons,halcyon,48x48,P2,Halcyon,delivered
icons/status/stun.png,icons,stun,24x24,P2,Stun / Freeze,delivered
icons/status/sleep.png,icons,sleep,24x24,P2,Sleep,delivered
icons/status/burn.png,icons,burn,24x24,P2,Burn,delivered
icons/status/poison.png,icons,poison,24x24,P2,Poison,delivered
icons/status/bleed.png,icons,bleed,24x24,P2,Bleed,delivered
icons/status/slow.png,icons,slow,24x24,P2,Slow,delivered
icons/status/crystallize.png,icons,crystallize,24x24,P2,Crystallize,delivered
icons/status/curse.png,icons,curse,24x24,P2,Curse,delivered
icons/status/corruption.png,icons,corruption,24x24,P2,Corruption,delivered
ui/panel_9slice.png,ui,panel_9slice.png,48x48,P0,Panel frame (9-slice),delivered
ui/button_9slice.png,ui,button_9slice.png,32x32,P0,Button (9-slice),delivered
ui/progress_bg.png,ui,progress_bg.png,16x16,P0,Progress bar track,delivered
ui/progress_fill.png,ui,progress_fill.png,16x16,P0,Progress bar fill,delivered
icons/icon.svg,ui,icon.svg,256x256,P0,App icon,delivered
ui/button_hover.png,ui,button_hover.png,32x32,P1,Button hover,delivered
ui/hp_fill_player.png,ui,hp_fill_player.png,16x16,P1,Player HP fill,delivered
ui/hp_fill_enemy.png,ui,hp_fill_enemy.png,16x16,P1,Enemy HP fill,delivered
fonts/ui.ttf,ui,ui.ttf,-,P1,UI font,missing
ui/tab_active.png,ui,tab_active.png,64x28,P2,Active tab,delivered
ui/tab_inactive.png,ui,tab_inactive.png,64x28,P2,Inactive tab,delivered
ui/toast.png,ui,toast.png,48x32,P2,Notification toast,delivered
ui/scrollbar.png,ui,scrollbar.png,12x24,P2,Scrollbar grabber,delivered
ui/logo.png,ui,logo.png,512x128,P2,Title logo,delivered
